{"courses":[{"_id":"6667ee3397a71faba909eb8b","title":"New","price":25,"img":"https://avatars.dzeninfra.ru/get-zen_doc/271828/pub_65b574b3f73db3435b61a0fb_65b574c87a05a80b1c00b5be/scale_1200"},{"_id":"6667ee3397a71faba909eb8b","title":"New","price":25,"img":"https://avatars.dzeninfra.ru/get-zen_doc/271828/pub_65b574b3f73db3435b61a0fb_65b574c87a05a80b1c00b5be/scale_1200"},{"_id":"6667f3953aa4cdb00985768a","title":"book","price":100,"img":"https://www.collinsdictionary.com/images/full/book_181404689_1000.jpg"},{"_id":"6667ee3397a71faba909eb8b","title":"New","price":35,"img":"https://avatars.dzeninfra.ru/get-zen_doc/271828/pub_65b574b3f73db3435b61a0fb_65b574c87a05a80b1c00b5be/scale_1200"},{"_id":"6667ee3397a71faba909eb8b","title":"New","price":35,"img":"https://avatars.dzeninfra.ru/get-zen_doc/271828/pub_65b574b3f73db3435b61a0fb_65b574c87a05a80b1c00b5be/scale_1200"},{"_id":"666a169578ac643a2a3583f3","title":"Автор книги «14 шагов к миллиону» , аналитик финансовой биржи, шоумен.","price":20000,"img":"https://scontent-hel3-1.cdninstagram.com/v/t51.2885-19/435940950_804624188385763_5348564689584330191_n.jpg?stp=dst-jpg_s150x150&_nc_ht=scontent-hel3-1.cdninstagram.com&_nc_cat=107&_nc_ohc=pSBeeYo-NCUQ7kNvgET_P1e&edm=APHcPcMBAAAA&ccb=7-5&oh=00_AYA9jZDwNpT1BVvIerTNhq70qDatA0tXtGS9ZG5JTe1OFA&oe=666FD291&_nc_sid=cf751b"},{"_id":"666a169578ac643a2a3583f3","title":"Автор книги «14 шагов к миллиону» , аналитик финансовой биржи, шоумен.","price":20000,"img":"https://cdn.discordapp.com/attachments/1099620076224790560/1250566417112109170/image.png?ex=666b683c&is=666a16bc&hm=61599c44fe7f0aec9702e79d87c22988573d0dc9d3731ebf3e30df3e17446f7b&"},{"_id":"666a17e33865a6d1c8a846fd","title":"Путь к успеху от Егора, до мажора ","price":1000000,"img":"https://cdn.discordapp.com/attachments/1099620076224790560/1250566417112109170/image.png?ex=666b683c&is=666a16bc&hm=61599c44fe7f0aec9702e79d87c22988573d0dc9d3731ebf3e30df3e17446f7b&"}],"price":1040220}