[
  {
    "title": "New Книга",
    "price": "500",
    "img": "https://static6.depositphotos.com/1092937/587/i/450/depositphotos_5873770-stock-photo-open-book.jpg",
    "id": "b089c8a1-b782-46ea-9692-aba2532a1fb3"
  },
  {
    "title": "Книжки",
    "price": "55",
    "img": "https://st.depositphotos.com/1014680/4108/i/450/depositphotos_41085891-stock-photo-books.jpg",
    "id": "504941a2-1804-4f38-845a-f11623460a3d"
  },
  {
    "title": "Библия",
    "price": "50",
    "img": "https://img4.labirint.ru/rc/049c7fcfc550c44ac723dce0e72343a9/363x561q80/books41/409050/cover.jpg?1563730440",
    "id": "e71cda2c-55f8-4602-8e62-8a6c431e45c7"
  }

]